{"cameraMode":{"drawMode":0,"name":"Shaded","section":"Shading Mode"},"sceneLighting":false,"audioPlay":false,"sceneViewState":{"m_AlwaysRefresh":false,"showFog":true,"showSkybox":false,"showFlares":true,"showImageEffects":true,"showParticleSystems":true,"showVisualEffectGraphs":true,"m_FxEnabled":true},"in2DMode":false,"pivot":{"x":1.8856704235076905,"y":-2.271737813949585,"z":33.378746032714847},"rotation":{"x":0.11707014590501785,"y":0.7494619488716126,"z":-0.13778355717658997,"w":0.6369025707244873},"size":24.661108016967775,"orthographic":false}