{"cameraMode":{"drawMode":0,"name":"Shaded","section":"Shading Mode"},"sceneLighting":false,"audioPlay":false,"sceneViewState":{"m_AlwaysRefresh":false,"showFog":true,"showSkybox":false,"showFlares":true,"showImageEffects":true,"showParticleSystems":true,"showVisualEffectGraphs":true,"m_FxEnabled":true},"in2DMode":false,"pivot":{"x":-0.03403584659099579,"y":-0.0865330845117569,"z":-0.12442491948604584},"rotation":{"x":-0.17509077489376069,"y":0.73080974817276,"z":-0.2039112001657486,"w":-0.6275227665901184},"size":0.40489596128463747,"orthographic":false}