{"cameraMode":{"drawMode":0,"name":"Shaded","section":"Shading Mode"},"sceneLighting":false,"audioPlay":false,"sceneViewState":{"m_AlwaysRefresh":false,"showFog":true,"showSkybox":false,"showFlares":true,"showImageEffects":true,"showParticleSystems":true,"showVisualEffectGraphs":true,"m_FxEnabled":true},"in2DMode":false,"pivot":{"x":0.01490771770477295,"y":0.5030820369720459,"z":-0.04416501522064209},"rotation":{"x":0.2979668080806732,"y":0.626835286617279,"z":-0.28196167945861819,"w":0.662426233291626},"size":2.6416947841644289,"orthographic":false}